{
    "elasticnet": {
        "metrics": {
            "train": {
                "mse": 7.71160315703479,
                "rmse": 2.776977341829564,
                "mae": 2.159284973298329,
                "r2": 0.7120864689515952
            },
            "val": {
                "mse": 8.663143442146794,
                "rmse": 2.943321838016834,
                "mae": 2.3328093625091197,
                "r2": 0.680599067136618
            }
        },
        "metadata": {
            "name": "elasticnet",
            "hyperparams": {},
            "train_samples": 158
        }
    },
    "lasso": {
        "metrics": {
            "train": {
                "mse": 5.899151354606207,
                "rmse": 2.428816863126203,
                "mae": 1.8483781985825154,
                "r2": 0.7797545514068274
            },
            "val": {
                "mse": 7.278401046852902,
                "rmse": 2.6978511906428237,
                "mae": 2.069268368215005,
                "r2": 0.7316530541548385
            }
        },
        "metadata": {
            "name": "lasso",
            "hyperparams": {},
            "train_samples": 158
        }
    },
    "linear": {
        "metrics": {
            "train": {
                "mse": 2.8499667092891126,
                "rmse": 1.6881844417270029,
                "mae": 1.2765674739970594,
                "r2": 0.8935961872087126
            },
            "val": {
                "mse": 2.740911906689998,
                "rmse": 1.6555699642993038,
                "mae": 1.2497394075236394,
                "r2": 0.8989454779619587
            }
        },
        "metadata": {
            "name": "linear",
            "hyperparams": {},
            "train_samples": 158
        }
    },
    "ridge": {
        "metrics": {
            "train": {
                "mse": 2.8509424712923757,
                "rmse": 1.688473414446427,
                "mae": 1.2761121878352142,
                "r2": 0.8935597570296562
            },
            "val": {
                "mse": 2.7589660600411334,
                "rmse": 1.661013564075,
                "mae": 1.2540446336772297,
                "r2": 0.8982798404297025
            }
        },
        "metadata": {
            "name": "ridge",
            "hyperparams": {},
            "train_samples": 158
        }
    }
}