{
    "elasticnet": {
        "metrics": {
            "train": {
                "mse": 7.7116031570347925,
                "rmse": 2.7769773418295642,
                "mae": 2.1592849732983295,
                "r2": 0.7120864689515951
            },
            "val": {
                "mse": 8.663143442146799,
                "rmse": 2.9433218380168347,
                "mae": 2.3328093625091197,
                "r2": 0.6805990671366179
            }
        },
        "metadata": {
            "name": "elasticnet",
            "hyperparams": {},
            "train_samples": 158
        },
        "weights": {
            "coef": [
                1.8191669773661592,
                1.9258042854525184,
                0.6225602107841661
            ],
            "intercept": 14.031645569620252
        }
    },
    "lasso": {
        "metrics": {
            "train": {
                "mse": 5.899151354606209,
                "rmse": 2.4288168631262033,
                "mae": 1.848378198582516,
                "r2": 0.7797545514068274
            },
            "val": {
                "mse": 7.2784010468529035,
                "rmse": 2.697851190642824,
                "mae": 2.0692683682150053,
                "r2": 0.7316530541548384
            }
        },
        "metadata": {
            "name": "lasso",
            "hyperparams": {},
            "train_samples": 158
        },
        "weights": {
            "coef": [
                2.2314457520466453,
                2.3930771277765137,
                0.43936622984619356
            ],
            "intercept": 14.031645569620252
        }
    },
    "linear": {
        "metrics": {
            "train": {
                "mse": 2.8499667092891126,
                "rmse": 1.6881844417270029,
                "mae": 1.2765674739970592,
                "r2": 0.8935961872087126
            },
            "val": {
                "mse": 2.740911906689995,
                "rmse": 1.655569964299303,
                "mae": 1.2497394075236385,
                "r2": 0.8989454779619588
            }
        },
        "metadata": {
            "name": "linear",
            "hyperparams": {},
            "train_samples": 158
        },
        "weights": {
            "coef": [
                3.2554241225688836,
                3.4046293543218735,
                1.453020272667625
            ],
            "intercept": 14.031645569620252
        }
    },
    "ridge": {
        "metrics": {
            "train": {
                "mse": 2.850942471292376,
                "rmse": 1.688473414446427,
                "mae": 1.2761121878352142,
                "r2": 0.8935597570296562
            },
            "val": {
                "mse": 2.758966060041133,
                "rmse": 1.6610135640749997,
                "mae": 1.2540446336772293,
                "r2": 0.8982798404297027
            }
        },
        "metadata": {
            "name": "ridge",
            "hyperparams": {},
            "train_samples": 158
        },
        "weights": {
            "coef": [
                3.2345968759161456,
                3.3829883826642946,
                1.443605307384453
            ],
            "intercept": 14.031645569620252
        }
    }
}