{
    "elasticnet": {
        "metrics": {
            "train": {
                "mse": 7.71160315703479,
                "rmse": 2.776977341829564,
                "mae": 2.159284973298329,
                "r2": 0.7120864689515952
            },
            "val": {
                "mse": 8.663143442146794,
                "rmse": 2.943321838016834,
                "mae": 2.3328093625091197,
                "r2": 0.680599067136618
            }
        },
        "metadata": {
            "name": "elasticnet",
            "hyperparams": {},
            "train_samples": 158
        },
        "val_predictions": [
            10.89026871383608,
            12.966428173932893,
            19.215624043378288,
            11.400836874260175,
            11.964130622362578,
            17.931010109716873,
            16.886038738637595,
            12.716063968841661,
            13.970244305095122,
            16.130933922897224,
            14.216353882359753,
            17.71839614041741,
            11.01501010950447,
            13.23460275403424,
            10.023936421987994,
            11.413806207785054,
            12.10401894668617,
            13.409730491976621,
            11.536395885446622,
            12.447467801892314,
            13.494242130644,
            15.422667939906614,
            18.970163478133184,
            9.664325798485573,
            15.657327711964175,
            17.64199054521317,
            10.828486120084332,
            15.061311343908278,
            10.022699711045156,
            13.27571339746045,
            16.112907206358216,
            13.647753225649247,
            9.987765191126893,
            13.995390605416304,
            15.085047925712457,
            15.93557128782826,
            14.700584367821547,
            12.922539650875073,
            16.504089173276466,
            15.148056114081921
        ],
        "val_actual": [
            9.5,
            12.2,
            24.4,
            10.4,
            7.3,
            24.7,
            20.1,
            11.9,
            14.6,
            15.0,
            14.4,
            22.4,
            5.5,
            13.2,
            9.4,
            10.6,
            6.6,
            10.6,
            10.1,
            12.0,
            12.6,
            18.0,
            24.2,
            6.7,
            17.0,
            22.3,
            7.0,
            11.9,
            6.6,
            11.7,
            18.3,
            14.2,
            8.8,
            13.6,
            12.0,
            19.6,
            15.5,
            11.7,
            18.0,
            16.6
        ]
    },
    "lasso": {
        "metrics": {
            "train": {
                "mse": 5.899151354606207,
                "rmse": 2.428816863126203,
                "mae": 1.8483781985825154,
                "r2": 0.7797545514068274
            },
            "val": {
                "mse": 7.278401046852902,
                "rmse": 2.6978511906428237,
                "mae": 2.069268368215005,
                "r2": 0.7316530541548385
            }
        },
        "metadata": {
            "name": "lasso",
            "hyperparams": {},
            "train_samples": 158
        },
        "val_predictions": [
            9.717648823679728,
            12.832468056923865,
            20.472483700572614,
            11.190530218879342,
            11.38212960572108,
            17.958528836424595,
            17.469573993012265,
            12.634882850849321,
            13.787581281033757,
            16.575078719574847,
            14.374166676720183,
            18.403840514551433,
            10.336774500931686,
            12.93888311864278,
            9.31538428429318,
            11.136181719598346,
            11.587831460876032,
            13.56832875854093,
            10.746956444910385,
            11.779070008802776,
            13.424382588425939,
            15.158861349954993,
            20.087524962098826,
            8.749449265891158,
            15.78481112062419,
            18.036251049920118,
            10.3632470213207,
            16.47434021241154,
            9.097246691120878,
            13.484749698511976,
            16.575473109721102,
            13.22333177002279,
            9.210463692848716,
            13.612170815393169,
            15.60574746971417,
            15.634112581151117,
            14.794940174707778,
            12.75370840952306,
            17.323720025247653,
            15.195043739544538
        ],
        "val_actual": [
            9.5,
            12.2,
            24.4,
            10.4,
            7.3,
            24.7,
            20.1,
            11.9,
            14.6,
            15.0,
            14.4,
            22.4,
            5.5,
            13.2,
            9.4,
            10.6,
            6.6,
            10.6,
            10.1,
            12.0,
            12.6,
            18.0,
            24.2,
            6.7,
            17.0,
            22.3,
            7.0,
            11.9,
            6.6,
            11.7,
            18.3,
            14.2,
            8.8,
            13.6,
            12.0,
            19.6,
            15.5,
            11.7,
            18.0,
            16.6
        ]
    },
    "linear": {
        "metrics": {
            "train": {
                "mse": 2.8499667092891126,
                "rmse": 1.6881844417270029,
                "mae": 1.2765674739970594,
                "r2": 0.8935961872087126
            },
            "val": {
                "mse": 2.740911906689998,
                "rmse": 1.6555699642993038,
                "mae": 1.2497394075236394,
                "r2": 0.8989454779619587
            }
        },
        "metadata": {
            "name": "linear",
            "hyperparams": {},
            "train_samples": 158
        },
        "val_predictions": [
            8.902562768324554,
            12.013069209724044,
            23.211444761303945,
            8.923950773025553,
            10.467307267370522,
            21.897196595315133,
            19.19942584293168,
            11.454525636562916,
            14.097614418917978,
            17.804099106355803,
            14.238001360553808,
            20.78452003990626,
            8.644081071791986,
            12.725720940633712,
            6.6559315994121855,
            9.02264615233632,
            10.682931929759182,
            12.59775388923053,
            9.811244456408069,
            11.527346577753987,
            13.026092274491232,
            17.124186304183258,
            22.86221509210032,
            6.150633713084203,
            17.184659226438683,
            20.929722371178656,
            8.042285488072185,
            14.633838292768402,
            6.888078430924499,
            12.278022772573944,
            17.76134152230194,
            13.69977749270441,
            6.6536467677006055,
            14.369556330142332,
            15.607275183775362,
            18.202720767383223,
            15.283904837913155,
            11.955974777290994,
            18.179450201508857,
            16.23847993988902
        ],
        "val_actual": [
            9.5,
            12.2,
            24.4,
            10.4,
            7.3,
            24.7,
            20.1,
            11.9,
            14.6,
            15.0,
            14.4,
            22.4,
            5.5,
            13.2,
            9.4,
            10.6,
            6.6,
            10.6,
            10.1,
            12.0,
            12.6,
            18.0,
            24.2,
            6.7,
            17.0,
            22.3,
            7.0,
            11.9,
            6.6,
            11.7,
            18.3,
            14.2,
            8.8,
            13.6,
            12.0,
            19.6,
            15.5,
            11.7,
            18.0,
            16.6
        ]
    },