{
    "elasticnet": {
        "metrics": {
            "train": {
                "mse": 7.7116031570347925,
                "rmse": 2.7769773418295642,
                "mae": 2.1592849732983295,
                "r2": 0.7120864689515951
            },
            "val": {
                "mse": 8.663143442146799,
                "rmse": 2.9433218380168347,
                "mae": 2.3328093625091197,
                "r2": 0.6805990671366179
            }
        },
        "metadata": {
            "name": "elasticnet",
            "hyperparams": {},
            "train_samples": 158
        },
        "val_predictions": [
            10.890268713836083,
            12.966428173932895,
            19.215624043378288,
            11.400836874260175,
            11.96413062236258,
            17.93101010971687,
            16.886038738637595,
            12.716063968841661,
            13.970244305095122,
            16.130933922897224,
            14.216353882359753,
            17.71839614041741,
            11.01501010950447,
            13.23460275403424,
            10.023936421987994,
            11.413806207785054,
            12.10401894668617,
            13.409730491976621,
            11.536395885446622,
            12.447467801892314,
            13.494242130644,
            15.422667939906612,
            18.97016347813318,
            9.664325798485574,
            15.657327711964173,
            17.641990545213165,
            10.828486120084332,
            15.061311343908278,
            10.022699711045158,
            13.27571339746045,
            16.112907206358216,
            13.647753225649247,
            9.987765191126893,
            13.995390605416304,
            15.085047925712457,
            15.93557128782826,
            14.700584367821547,
            12.922539650875073,
            16.504089173276462,
            15.148056114081921
        ],
        "val_actual": [
            9.5,
            12.2,
            24.4,
            10.4,
            7.3,
            24.7,
            20.1,
            11.9,
            14.6,
            15.0,
            14.4,
            22.4,
            5.5,
            13.2,
            9.4,
            10.6,
            6.6,
            10.6,
            10.1,
            12.0,
            12.6,
            18.0,
            24.2,
            6.7,
            17.0,
            22.3,
            7.0,
            11.9,
            6.6,
            11.7,
            18.3,
            14.2,
            8.8,
            13.6,
            12.0,
            19.6,
            15.5,
            11.7,
            18.0,
            16.6
        ]
    },
    "lasso": {
        "metrics": {
            "train": {
                "mse": 5.899151354606209,
                "rmse": 2.4288168631262033,
                "mae": 1.848378198582516,
                "r2": 0.7797545514068274
            },
            "val": {
                "mse": 7.2784010468529035,
                "rmse": 2.697851190642824,
                "mae": 2.0692683682150053,
                "r2": 0.7316530541548384
            }
        },
        "metadata": {
            "name": "lasso",
            "hyperparams": {},
            "train_samples": 158
        },
        "val_predictions": [
            9.717648823679728,
            12.832468056923865,
            20.472483700572614,
            11.190530218879344,
            11.38212960572108,
            17.958528836424595,
            17.46957399301226,
            12.634882850849321,
            13.787581281033757,
            16.575078719574847,
            14.374166676720183,
            18.403840514551433,
            10.336774500931687,
            12.93888311864278,
            9.315384284293183,
            11.136181719598348,
            11.587831460876034,
            13.568328758540932,
            10.746956444910387,
            11.779070008802776,
            13.424382588425939,
            15.158861349954993,
            20.087524962098826,
            8.749449265891158,
            15.78481112062419,
            18.036251049920118,
            10.3632470213207,
            16.47434021241154,
            9.09724669112088,
            13.484749698511978,
            16.575473109721102,
            13.22333177002279,
            9.210463692848716,
            13.612170815393169,
            15.60574746971417,
            15.634112581151117,
            14.794940174707778,
            12.753708409523062,
            17.32372002524765,
            15.195043739544536
        ],
        "val_actual": [
            9.5,
            12.2,
            24.4,
            10.4,
            7.3,
            24.7,
            20.1,
            11.9,
            14.6,
            15.0,
            14.4,
            22.4,
            5.5,
            13.2,
            9.4,
            10.6,
            6.6,
            10.6,
            10.1,
            12.0,
            12.6,
            18.0,
            24.2,
            6.7,
            17.0,
            22.3,
            7.0,
            11.9,
            6.6,
            11.7,
            18.3,
            14.2,
            8.8,
            13.6,
            12.0,
            19.6,
            15.5,
            11.7,
            18.0,
            16.6
        ]
    },
    "linear": {
        "metrics": {
            "train": {
                "mse": 2.8499667092891126,
                "rmse": 1.6881844417270029,
                "mae": 1.2765674739970592,
                "r2": 0.8935961872087126
            },
            "val": {
                "mse": 2.740911906689995,
                "rmse": 1.655569964299303,
                "mae": 1.2497394075236385,
                "r2": 0.8989454779619588
            }
        },
        "metadata": {
            "name": "linear",
            "hyperparams": {},
            "train_samples": 158
        },
        "val_predictions": [
            8.902562768324556,
            12.013069209724042,
            23.211444761303945,
            8.923950773025549,
            10.46730726737052,
            21.897196595315137,
            19.199425842931685,
            11.454525636562915,
            14.09761441891798,
            17.804099106355807,
            14.238001360553806,
            20.78452003990626,
            8.644081071791984,
            12.725720940633712,
            6.655931599412184,
            9.022646152336316,
            10.682931929759178,
            12.59775388923053,
            9.811244456408069,
            11.527346577753987,
            13.026092274491228,
            17.12418630418326,
            22.862215092100325,
            6.150633713084201,
            17.184659226438686,
            20.92972237117866,
            8.042285488072181,
            14.633838292768395,
            6.888078430924497,
            12.27802277257394,
            17.761341522301944,
            13.699777492704413,
            6.653646767700604,
            14.369556330142334,
            15.607275183775362,
            18.202720767383227,
            15.283904837913157,
            11.955974777290994,
            18.179450201508857,
            16.238479939889025
        ],
        "val_actual": [
            9.5,
            12.2,
            24.4,
            10.4,
            7.3,
            24.7,
            20.1,
            11.9,
            14.6,
            15.0,
            14.4,
            22.4,
            5.5,
            13.2,
            9.4,
            10.6,
            6.6,
            10.6,
            10.1,
            12.0,
            12.6,
            18.0,
            24.2,
            6.7,
            17.0,
            22.3,
            7.0,
            11.9,
            6.6,
            11.7,
            18.3,
            14.2,
            8.8,
            13.6,
            12.0,
            19.6,
            15.5,
            11.7,
            18.0,
            16.6
        ]
    },